Name,Address,Rating,Type
Indianapolis Museum of Art,"4000 Michigan Road, Indianapolis, IN, 46208",4.7,Museum
Children's Museum of Indianapolis,"3000 N Meridian St, Indianapolis, IN 46208",4.7,Museum
Indianapolis Motor Speedway Museum,"4750 W 16th St, Indianapolis, IN 46222",4.8,Museum
Lucas Oil Stadium,"500 S Capitol Ave, Indianapolis, IN 46225",4.7,Sport
Victory Field,"501 S Capitol Ave, Indianapolis, IN 46225",4.8,Sport
Indianapolis Zoo,"1200 W Washington St, Indianapolis, IN 46222",4.5,Outdoor
Benjamin Harrison Presidential Site,"1230 N Delaware St, Indianapolis, IN 46202",4.7,Museum
The Eiteljorg Museum,"500 W Washington St, Indianapolis, IN 46204",4.6,Museum
Eagle Creek Park,"7840 W 56th St, Indianapolis, IN 46254",4.7,Outdoor
White River State Park,"801 W Washington St, Indianapolis, IN 46204",4.7,Outdoor
Bankers Life FIeldhouse,"125 S Pennsylvania St, Indianapolis, IN 46204",4.6,Sport
Indiana State Museum,"650 W Washington St, Indianapolis, IN 46204",4.6,Museum
Holliday Park,"6363 Spring Mill Rd, Indianapolis, IN 46260",4.8,Outdoor
Rhythm! Discovery Center,"Claypool Court Building, 110 W Washington St A, Indianapolis, IN 46204",4.7,Museum
Fort Harrison State Park,"6000 N Post Rd, Indianapolis, IN 46216",4.7,Outdoor
Indiana State Fairground,"1202 E 38th St, Indianapolis, IN 46205",4.4,Amusement
The Fashion Mall at Keystone,"8702 Keystone Crossing, Indianapolis, IN 46240",4.4,Shopping
Sun King Brewery,"135 N College Ave, Indianapolis, IN 46202",4.6,Drink
Easley Winery,"205 N College Ave, Indianapolis, IN 46202",4.7,Drink
Indianapolis Cultural Trail,"132 W Walnut St, Indianapolis, IN 46204",4.8,Outdoor
NCAA Hall of Champions,"White River State Park, 700 W Washington St, Indianapolis, IN 46204",4.4,Museum
Circle Centre Mall,"49 W Maryland St, Indianapolis, IN 46204",4.1,Shopping
Hinkle Fieldhouse,"510 W 49th St, Indianapolis, IN 46208",4.8,Sport
Buck Creek Winery,"11747 Indian Creek Rd S, Indianapolis, IN 46259",4.8,Drink
Indianapolis City Market,"222 E Market St, Indianapolis, IN 46204",4.4,Shopping
Daniel's Vineyard,"9061 N 700 W, McCordsville, IN 46055",4.4,Drink
Midland Arts and Antiques Market,"907 E Michigan St, Indianapolis, IN 46202",4.6,Shopping
Fasttimes Indoor Karting,"3455 Harper Rd, Indianapolis, IN 46240",4.5,Amusement
Black Acre Brewing Co,"5529 Bonna Ave, Indianapolis, IN 46219",4.7,Drink
Castleton Square,"6020 E 82nd St, Indianapolis, IN 46250",4.2,Shopping
Southport Antique Mall,"2028 E Southport Rd, Indianapolis, IN 46227",4.5,Shopping
Phoenix Theatre,"705 N Illinois St, Indianapolis, IN 46204",4.6,Entertainment
The Cabaret,"924 N Pennsylvania St Suite B, Indianapolis, IN 46204",4.8,Entertainment
Holcomb Gardens,"Garden Rd, Indianapolis, IN 46208",4.7,Outdoor
Peace Water Winery,"747 N College Ave, Indianapolis, IN 46202",4.6,Drink
Indianapolis Motor Speedway Museum,"4790 W 16th St, Indianapolis, IN 46222",4.8,Sport
Centerpoint Brewing,"1125 E Brookside Ave Suite 2B, Indianapolis, IN 46202",4.8,Drink
Deviate Brewing,"4004 W 96th St, Indianapolis, IN 46268",4.7,Drink
Footlite Musicals,"1847 Alabama St, Indianapolis, IN 46202",4.8,Entertainment
"Wabash Brewing, LLC","5328 W 79th St, Indianapolis, IN 46268",4.7,Drink
The Irving Theatre,"5505 E Washington St, Indianapolis, IN 46219",4.3,Entertainment 
Broad Ripple Park,"1500 Broad Ripple Ave, Indianapolis, IN 46220",4.6,Outdoor
Theatre on the Square,"627 Massachusetts Ave, Indianapolis, IN 46204",4.5,Entertainment
Indy Island Aquatic Center,"8575 E Raymond St, Indianapolis, IN 46239",4.2,Amusement
Kile Oak Habitat Garden,"5939 E Beechwood Ave, Indianapolis, IN 46219",4.7,Outdoor
Mid-America Speedway,"7300 E Troy Ave, Indianapolis, IN 46239",4.4,Sport
Indiana World Skating Academy,"201 S Capitol Ave, Indianapolis, IN 46225",2,Sport
Emerson Theatre,"4630 E 10th St, Indianapolis, IN 46201",4,Entertainment
The HandleBar,"501 Madison Ave, Indianapolis, IN 46225",4.9,Drink
Mind Tripping Show,"120 W Market St, Indianapolis, IN 46204",4.8,Entertainment
The Cake Bake Shop,"6515 Carrollton Ave, Indianapolis, IN 46220",4.2,foodlunchdinner
Sangiovese Ristorante,"2727 E 86th St #110, Indianapolis, IN 46240",4.6,fooddinner
Convivio,"11529 Spring Mill Rd Suite #300, Carmel, IN 46032",4.5,fooddinner
Ale Emporium,"8617 Allisonville Rd, Indianapolis, IN 46250",4.6,foodlunchdinner
Rize,"2721 E 86th St Suite 120, Indianapolis, IN 46240",4.6,foodbreakfastlunch
Caplinger's Fresh Catch,"7620 S Meridian St, Indianapolis, IN 46217",4.7,foodlunchdinner
Petite Chou Bistro and Champagne Bar,"823 E Westfield Blvd, Indianapolis, IN 46220",4.5,foodbreakfastlunch
Ripple Bagel and Deli,"850 Broad Ripple Ave, Indianapolis, IN 46220",4.7,foodbreakfastlunch
Fat Dan's Deli,"221 E Kirkwood Ave Suite 1, Bloomington, IN 47408",4.5,foodlunchdinner
Yats,"885 Massachusetts Ave, Indianapolis, IN 46202",4.6,foodlunchdinner
Half Liter BBQ and Beer Hall,"5301 Winthrop Ave Suite B, Indianapolis, IN 46220",4.5,foodlunchdinner
Napolese Pizzeria,"114 E 49th St, Indianapolis, IN 46205",4.5,fooddinner
Chapati,"4930 Lafayette Rd G, Indianapolis, IN 46254",4.3,foodlunchdinner
Root and Bone,"4601 N College Ave, Indianapolis, IN 46205",4.5,fooddinner
Paco's Taqueria,"5202 E Thompson Rd #150, Indianapolis, IN 46237",4.1,foodbreakfastlunchdinner
R&R Extreme Wings,"4361 N Keystone Ave, Indianapolis, IN 46205",4.4,foodlunchdinner
Wings & Seafood,"5623 38th St, Indianapolis, IN 46254",4.4,foodlunchdinner
Chef Oya's The Trap,"3355 N Keystone Ave, Indianapolis, IN 46218",4.4,foodlunch
His Place Eatery,"6916 E 30th St, Indianapolis, IN 46219",4.5,foodlunchdinner
Long's Bakery,"2301 E Southport Rd, Indianapolis, IN 46227",4.7,foodbreakfast
FortyFive Degrees,"765 Massachusetts Ave, Indianapolis, IN 46204",4.5,fooddinner
Livery,"720 N College Ave, Indianapolis, IN 46202",4.7,fooddinner
King Dough,"452 N Highland Ave, Indianapolis, IN 46202",4.5,fooddinner
The Eagle,"310 Massachusetts Ave, Indianapolis, IN 46204",4.5,fooddinner
Prime 47,"47 S Pennsylvania St, Indianapolis, IN 46204",4.6,fooddinner
Gallery Pastry Bar,"110 S Pennsylvania St Suite B, Indianapolis, IN 46204",4.5,foodbreakfastlunchdinner
St. Elmo Steak House,"127 S Illinois St, Indianapolis, IN 46225",4.7,fooddinner
Pier 48 Fish House and Oyster Bar,"130 S Pennsylvania St Suite B, Indianapolis, IN 46204",4.3,foodlunchdinner
Milktooth,"534 Virginia Ave, Indianapolis, IN 46203",4.4,foodbreakfastlunch
Bluebeard,"653 Virginia Ave, Indianapolis, IN 46203",4.6,foodlunchdinner
Shapiro's Delicatessen,"808 S Meridian St, Indianapolis, IN 46225",4.5,foodlunchdinner
Siam Square,"936 Virginia Ave, Indianapolis, IN 46203",4.4,foodlunchdinner
Chef Tia & Co,"4955 W Washington St ste f, Indianapolis, IN 46241",4.6,foodlunchdinner
La Margarita,"1043 Virginia Ave, Indianapolis, IN 46203",4.4,foodlunchdinner
Yaso Jamaican Grill,"1501 Prospect St, Indianapolis, IN 46203",4.8,foodlunchdinner
Kabuto Japanese Steak House,"8719 US-31, Indianapolis, IN 46227",4.4,foodlunchdinner
Cafe Patacho,"225 W Washington St, Indianapolis, IN 46204",4.5,foodbreakfastlunch
Yolk - City Way,"220 E South St, Indianapolis, IN 46204",4.4,foodbreakfastlunch
Good Morning Mama's Cafe,"1001 E 54th St, Indianapolis, IN 46220",4.5,foodbreakfastlunch
OP Italian,"10 S West St, Indianapolis, IN 46204",4.2,foodbreakfastdinner
Lincoln Square Pancake House,"613 W 11th St, Indianapolis, IN 46202",4.5,foodbreakfastlunch
Market Table,"333 Delaware St, Indianapolis, IN 46204",4.1,foodbreakfast
First Watch,"143 N Illinois St, Indianapolis, IN 46204",4.5,foodbreakfastlunch
Jack's Donuts,"135 W Market St, Indianapolis, IN 46204",4.2,foodbreakfast
Yolk - Ironworks,"2727 E 86th St #150, Indianapolis, IN 46240",4.4,foodbreakfastlunch
Le Peep Downtown Indy,"301 N Illinois St, Indianapolis, IN 46204",4.1,foodbreakfastlunch
Three Sisters Cafe,"6223 Guilford Ave, Indianapolis, IN 46220",4.3,foodbreakfastlunch
Metro Diner,"7225 US-31 Unit A06, Indianapolis, IN 46227",4.5,foodbreakfastlunchdinner
Ruth's Cafe,"3443 E 86th St, Indianapolis, IN 46240",4.6,foodbreakfastlunch